line_code	product_count	fiscal_supplier_count	products_with_stock	products_without_stock	stock_presence_pct	lifecycle_status	item_role	portal_import_rule	functional_meaning	approved_by	approval_event_id	notes	evidence_source	approval_status
M0	2780181	3771	10107	2770074	0.3635	pending_functional_review	internal_unknown	pending_source					portal_fornecedor_dados_mestres_02_perfil_linha_estoque.tsv	pending
RR	438704	995	556	438148	0.1267	pending_functional_review	internal_unknown	pending_source					portal_fornecedor_dados_mestres_02_perfil_linha_estoque.tsv	pending
S0	277585	6836	1878	275707	0.6765	pending_functional_review	internal_unknown	pending_source					portal_fornecedor_dados_mestres_02_perfil_linha_estoque.tsv	pending
SA	26740	1799	119	26621	0.4450	pending_functional_review	internal_unknown	pending_source					portal_fornecedor_dados_mestres_02_perfil_linha_estoque.tsv	pending
F2	21634	1762	53	21581	0.2450	pending_functional_review	internal_unknown	pending_source					portal_fornecedor_dados_mestres_02_perfil_linha_estoque.tsv	pending
HC	20691	459	85	20606	0.4108	pending_functional_review	internal_unknown	pending_source					portal_fornecedor_dados_mestres_02_perfil_linha_estoque.tsv	pending
GC	17771	345	51	17720	0.2870	pending_functional_review	internal_unknown	pending_source					portal_fornecedor_dados_mestres_02_perfil_linha_estoque.tsv	pending
NU	17119	608	39	17080	0.2278	pending_functional_review	internal_unknown	pending_source					portal_fornecedor_dados_mestres_02_perfil_linha_estoque.tsv	pending
FF	13419	497	71	13348	0.5291	pending_functional_review	internal_unknown	pending_source					portal_fornecedor_dados_mestres_02_perfil_linha_estoque.tsv	pending
CC	11201	271	38	11163	0.3393	pending_functional_review	internal_unknown	pending_source					portal_fornecedor_dados_mestres_02_perfil_linha_estoque.tsv	pending
MR	10951	400	58	10893	0.5296	pending_functional_review	internal_unknown	pending_source					portal_fornecedor_dados_mestres_02_perfil_linha_estoque.tsv	pending
FN	5554	704	24	5530	0.4321	pending_functional_review	internal_unknown	pending_source					portal_fornecedor_dados_mestres_02_perfil_linha_estoque.tsv	pending
RT	4924	397	73	4851	1.4825	pending_functional_review	internal_unknown	pending_source					portal_fornecedor_dados_mestres_02_perfil_linha_estoque.tsv	pending
TM	4698	158	20	4678	0.4257	pending_functional_review	internal_unknown	pending_source					portal_fornecedor_dados_mestres_02_perfil_linha_estoque.tsv	pending
R1	4325	371	22	4303	0.5087	pending_functional_review	internal_unknown	pending_source					portal_fornecedor_dados_mestres_02_perfil_linha_estoque.tsv	pending
OC	3378	17	16	3362	0.4737	pending_functional_review	internal_unknown	pending_source					portal_fornecedor_dados_mestres_02_perfil_linha_estoque.tsv	pending
P7	2985	43	7	2978	0.2345	pending_functional_review	internal_unknown	pending_source					portal_fornecedor_dados_mestres_02_perfil_linha_estoque.tsv	pending
L9	2286	152	6	2280	0.2625	pending_functional_review	internal_unknown	pending_source					portal_fornecedor_dados_mestres_02_perfil_linha_estoque.tsv	pending
EC	2276	459	10	2266	0.4394	pending_functional_review	internal_unknown	pending_source					portal_fornecedor_dados_mestres_02_perfil_linha_estoque.tsv	pending
HM	1788	129	5	1783	0.2796	pending_functional_review	internal_unknown	pending_source					portal_fornecedor_dados_mestres_02_perfil_linha_estoque.tsv	pending
L4	1055	4	2	1053	0.1896	pending_functional_review	internal_unknown	pending_source					portal_fornecedor_dados_mestres_02_perfil_linha_estoque.tsv	pending
SG	1006	152	6	1000	0.5964	pending_functional_review	internal_unknown	pending_source					portal_fornecedor_dados_mestres_02_perfil_linha_estoque.tsv	pending
E3	989	141	2	987	0.2022	pending_functional_review	internal_unknown	pending_source					portal_fornecedor_dados_mestres_02_perfil_linha_estoque.tsv	pending
GA	741	71	2	739	0.2699	pending_functional_review	internal_unknown	pending_source					portal_fornecedor_dados_mestres_02_perfil_linha_estoque.tsv	pending
CE	723	95	2	721	0.2766	pending_functional_review	internal_unknown	pending_source					portal_fornecedor_dados_mestres_02_perfil_linha_estoque.tsv	pending
AA	687	85	3	684	0.4367	pending_functional_review	internal_unknown	pending_source					portal_fornecedor_dados_mestres_02_perfil_linha_estoque.tsv	pending
R8	595	131	3	592	0.5042	pending_functional_review	internal_unknown	pending_source					portal_fornecedor_dados_mestres_02_perfil_linha_estoque.tsv	pending
SB	584	108	5	579	0.8562	pending_functional_review	internal_unknown	pending_source					portal_fornecedor_dados_mestres_02_perfil_linha_estoque.tsv	pending
FL	496	46	2	494	0.4032	pending_functional_review	internal_unknown	pending_source					portal_fornecedor_dados_mestres_02_perfil_linha_estoque.tsv	pending
OT	472	44	0	472	0.0000	pending_functional_review	internal_unknown	pending_source					portal_fornecedor_dados_mestres_02_perfil_linha_estoque.tsv	pending
L3	362	153	1	361	0.2762	pending_functional_review	internal_unknown	pending_source					portal_fornecedor_dados_mestres_02_perfil_linha_estoque.tsv	pending
A8	345	3	0	345	0.0000	pending_functional_review	internal_unknown	pending_source					portal_fornecedor_dados_mestres_02_perfil_linha_estoque.tsv	pending
MC	322	1	0	322	0.0000	pending_functional_review	internal_unknown	pending_source					portal_fornecedor_dados_mestres_02_perfil_linha_estoque.tsv	pending
MB	311	80	0	311	0.0000	pending_functional_review	internal_unknown	pending_source					portal_fornecedor_dados_mestres_02_perfil_linha_estoque.tsv	pending
R3	307	32	5	302	1.6287	pending_functional_review	internal_unknown	pending_source					portal_fornecedor_dados_mestres_02_perfil_linha_estoque.tsv	pending
BB	301	43	0	301	0.0000	pending_functional_review	internal_unknown	pending_source					portal_fornecedor_dados_mestres_02_perfil_linha_estoque.tsv	pending
DP	292	33	3	289	1.0274	pending_functional_review	internal_unknown	pending_source					portal_fornecedor_dados_mestres_02_perfil_linha_estoque.tsv	pending
ME	243	84	1	242	0.4115	pending_functional_review	internal_unknown	pending_source					portal_fornecedor_dados_mestres_02_perfil_linha_estoque.tsv	pending
CF	234	56	2	232	0.8547	pending_functional_review	internal_unknown	pending_source					portal_fornecedor_dados_mestres_02_perfil_linha_estoque.tsv	pending
GB	232	29	1	231	0.4310	pending_functional_review	internal_unknown	pending_source					portal_fornecedor_dados_mestres_02_perfil_linha_estoque.tsv	pending
SC	210	66	1	209	0.4762	pending_functional_review	internal_unknown	pending_source					portal_fornecedor_dados_mestres_02_perfil_linha_estoque.tsv	pending
B4	173	41	0	173	0.0000	pending_functional_review	internal_unknown	pending_source					portal_fornecedor_dados_mestres_02_perfil_linha_estoque.tsv	pending
R7	163	17	2	161	1.2270	pending_functional_review	internal_unknown	pending_source					portal_fornecedor_dados_mestres_02_perfil_linha_estoque.tsv	pending
SD	158	42	0	158	0.0000	pending_functional_review	internal_unknown	pending_source					portal_fornecedor_dados_mestres_02_perfil_linha_estoque.tsv	pending
AL	156	16	0	156	0.0000	pending_functional_review	internal_unknown	pending_source					portal_fornecedor_dados_mestres_02_perfil_linha_estoque.tsv	pending
BA	148	36	1	147	0.6757	pending_functional_review	internal_unknown	pending_source					portal_fornecedor_dados_mestres_02_perfil_linha_estoque.tsv	pending
JJ	125	3	0	125	0.0000	pending_functional_review	internal_unknown	pending_source					portal_fornecedor_dados_mestres_02_perfil_linha_estoque.tsv	pending
MZ	123	22	0	123	0.0000	pending_functional_review	internal_unknown	pending_source					portal_fornecedor_dados_mestres_02_perfil_linha_estoque.tsv	pending
SF	109	31	0	109	0.0000	pending_functional_review	internal_unknown	pending_source					portal_fornecedor_dados_mestres_02_perfil_linha_estoque.tsv	pending
LN	102	30	0	102	0.0000	pending_functional_review	internal_unknown	pending_source					portal_fornecedor_dados_mestres_02_perfil_linha_estoque.tsv	pending
F4	94	46	0	94	0.0000	pending_functional_review	internal_unknown	pending_source					portal_fornecedor_dados_mestres_02_perfil_linha_estoque.tsv	pending
AM	91	14	0	91	0.0000	pending_functional_review	internal_unknown	pending_source					portal_fornecedor_dados_mestres_02_perfil_linha_estoque.tsv	pending
A7	83	13	1	82	1.2048	pending_functional_review	internal_unknown	pending_source					portal_fornecedor_dados_mestres_02_perfil_linha_estoque.tsv	pending
AN	81	50	1	80	1.2346	pending_functional_review	internal_unknown	pending_source					portal_fornecedor_dados_mestres_02_perfil_linha_estoque.tsv	pending
F3	79	7	1	78	1.2658	pending_functional_review	internal_unknown	pending_source					portal_fornecedor_dados_mestres_02_perfil_linha_estoque.tsv	pending
F9	74	31	0	74	0.0000	pending_functional_review	internal_unknown	pending_source					portal_fornecedor_dados_mestres_02_perfil_linha_estoque.tsv	pending
B6	74	5	0	74	0.0000	pending_functional_review	internal_unknown	pending_source					portal_fornecedor_dados_mestres_02_perfil_linha_estoque.tsv	pending
L2	66	3	1	65	1.5152	pending_functional_review	internal_unknown	pending_source					portal_fornecedor_dados_mestres_02_perfil_linha_estoque.tsv	pending
R4	60	12	0	60	0.0000	pending_functional_review	internal_unknown	pending_source					portal_fornecedor_dados_mestres_02_perfil_linha_estoque.tsv	pending
MA	51	22	0	51	0.0000	pending_functional_review	internal_unknown	pending_source					portal_fornecedor_dados_mestres_02_perfil_linha_estoque.tsv	pending
EE	50	15	0	50	0.0000	pending_functional_review	internal_unknown	pending_source					portal_fornecedor_dados_mestres_02_perfil_linha_estoque.tsv	pending
AI	49	22	0	49	0.0000	pending_functional_review	internal_unknown	pending_source					portal_fornecedor_dados_mestres_02_perfil_linha_estoque.tsv	pending
SE	47	21	0	47	0.0000	pending_functional_review	internal_unknown	pending_source					portal_fornecedor_dados_mestres_02_perfil_linha_estoque.tsv	pending
HU	46	10	0	46	0.0000	pending_functional_review	internal_unknown	pending_source					portal_fornecedor_dados_mestres_02_perfil_linha_estoque.tsv	pending
CV	44	15	0	44	0.0000	pending_functional_review	internal_unknown	pending_source					portal_fornecedor_dados_mestres_02_perfil_linha_estoque.tsv	pending
L1	43	9	1	42	2.3256	pending_functional_review	internal_unknown	pending_source					portal_fornecedor_dados_mestres_02_perfil_linha_estoque.tsv	pending
IN	43	14	0	43	0.0000	pending_functional_review	internal_unknown	pending_source					portal_fornecedor_dados_mestres_02_perfil_linha_estoque.tsv	pending
LA	42	18	0	42	0.0000	pending_functional_review	internal_unknown	pending_source					portal_fornecedor_dados_mestres_02_perfil_linha_estoque.tsv	pending
E9	38	4	0	38	0.0000	pending_functional_review	internal_unknown	pending_source					portal_fornecedor_dados_mestres_02_perfil_linha_estoque.tsv	pending
BR	33	18	0	33	0.0000	pending_functional_review	internal_unknown	pending_source					portal_fornecedor_dados_mestres_02_perfil_linha_estoque.tsv	pending
A6	32	10	0	32	0.0000	pending_functional_review	internal_unknown	pending_source					portal_fornecedor_dados_mestres_02_perfil_linha_estoque.tsv	pending
L5	31	1	0	31	0.0000	pending_functional_review	internal_unknown	pending_source					portal_fornecedor_dados_mestres_02_perfil_linha_estoque.tsv	pending
CD	25	5	1	24	4.0000	pending_functional_review	internal_unknown	pending_source					portal_fornecedor_dados_mestres_02_perfil_linha_estoque.tsv	pending
MK	23	17	0	23	0.0000	pending_functional_review	internal_unknown	pending_source					portal_fornecedor_dados_mestres_02_perfil_linha_estoque.tsv	pending
F1	22	12	0	22	0.0000	pending_functional_review	internal_unknown	pending_source					portal_fornecedor_dados_mestres_02_perfil_linha_estoque.tsv	pending
LC	21	6	0	21	0.0000	pending_functional_review	internal_unknown	pending_source					portal_fornecedor_dados_mestres_02_perfil_linha_estoque.tsv	pending
EL	21	11	0	21	0.0000	pending_functional_review	internal_unknown	pending_source					portal_fornecedor_dados_mestres_02_perfil_linha_estoque.tsv	pending
CN	20	10	0	20	0.0000	pending_functional_review	internal_unknown	pending_source					portal_fornecedor_dados_mestres_02_perfil_linha_estoque.tsv	pending
R5	20	14	0	20	0.0000	pending_functional_review	internal_unknown	pending_source					portal_fornecedor_dados_mestres_02_perfil_linha_estoque.tsv	pending
S3	18	6	0	18	0.0000	pending_functional_review	internal_unknown	pending_source					portal_fornecedor_dados_mestres_02_perfil_linha_estoque.tsv	pending
H3	17	5	0	17	0.0000	pending_functional_review	internal_unknown	pending_source					portal_fornecedor_dados_mestres_02_perfil_linha_estoque.tsv	pending
S1	16	5	0	16	0.0000	pending_functional_review	internal_unknown	pending_source					portal_fornecedor_dados_mestres_02_perfil_linha_estoque.tsv	pending
MM	16	5	0	16	0.0000	pending_functional_review	internal_unknown	pending_source					portal_fornecedor_dados_mestres_02_perfil_linha_estoque.tsv	pending
E7	15	4	0	15	0.0000	pending_functional_review	internal_unknown	pending_source					portal_fornecedor_dados_mestres_02_perfil_linha_estoque.tsv	pending
CA	13	5	0	13	0.0000	pending_functional_review	internal_unknown	pending_source					portal_fornecedor_dados_mestres_02_perfil_linha_estoque.tsv	pending
OO	13	1	0	13	0.0000	pending_functional_review	internal_unknown	pending_source					portal_fornecedor_dados_mestres_02_perfil_linha_estoque.tsv	pending
AC	13	5	0	13	0.0000	pending_functional_review	internal_unknown	pending_source					portal_fornecedor_dados_mestres_02_perfil_linha_estoque.tsv	pending
A9	11	4	0	11	0.0000	pending_functional_review	internal_unknown	pending_source					portal_fornecedor_dados_mestres_02_perfil_linha_estoque.tsv	pending
BC	11	7	0	11	0.0000	pending_functional_review	internal_unknown	pending_source					portal_fornecedor_dados_mestres_02_perfil_linha_estoque.tsv	pending
RC	11	5	0	11	0.0000	pending_functional_review	internal_unknown	pending_source					portal_fornecedor_dados_mestres_02_perfil_linha_estoque.tsv	pending
SO	10	4	0	10	0.0000	pending_functional_review	internal_unknown	pending_source					portal_fornecedor_dados_mestres_02_perfil_linha_estoque.tsv	pending
N7	10	4	0	10	0.0000	pending_functional_review	internal_unknown	pending_source					portal_fornecedor_dados_mestres_02_perfil_linha_estoque.tsv	pending
E2	10	6	0	10	0.0000	pending_functional_review	internal_unknown	pending_source					portal_fornecedor_dados_mestres_02_perfil_linha_estoque.tsv	pending
E0	10	5	0	10	0.0000	pending_functional_review	internal_unknown	pending_source					portal_fornecedor_dados_mestres_02_perfil_linha_estoque.tsv	pending
S8	9	3	0	9	0.0000	pending_functional_review	internal_unknown	pending_source					portal_fornecedor_dados_mestres_02_perfil_linha_estoque.tsv	pending
ZZ	8	1	0	8	0.0000	pending_functional_review	internal_unknown	pending_source					portal_fornecedor_dados_mestres_02_perfil_linha_estoque.tsv	pending
QQ	8	3	0	8	0.0000	pending_functional_review	internal_unknown	pending_source					portal_fornecedor_dados_mestres_02_perfil_linha_estoque.tsv	pending
CR	6	3	0	6	0.0000	pending_functional_review	internal_unknown	pending_source					portal_fornecedor_dados_mestres_02_perfil_linha_estoque.tsv	pending
M1	6	2	0	6	0.0000	pending_functional_review	internal_unknown	pending_source					portal_fornecedor_dados_mestres_02_perfil_linha_estoque.tsv	pending
P4	5	3	0	5	0.0000	pending_functional_review	internal_unknown	pending_source					portal_fornecedor_dados_mestres_02_perfil_linha_estoque.tsv	pending
HH	5	1	0	5	0.0000	pending_functional_review	internal_unknown	pending_source					portal_fornecedor_dados_mestres_02_perfil_linha_estoque.tsv	pending
LR	5	2	0	5	0.0000	pending_functional_review	internal_unknown	pending_source					portal_fornecedor_dados_mestres_02_perfil_linha_estoque.tsv	pending
A3	5	1	0	5	0.0000	pending_functional_review	internal_unknown	pending_source					portal_fornecedor_dados_mestres_02_perfil_linha_estoque.tsv	pending
S4	4	4	0	4	0.0000	pending_functional_review	internal_unknown	pending_source					portal_fornecedor_dados_mestres_02_perfil_linha_estoque.tsv	pending
E5	4	4	0	4	0.0000	pending_functional_review	internal_unknown	pending_source					portal_fornecedor_dados_mestres_02_perfil_linha_estoque.tsv	pending
F6	4	3	0	4	0.0000	pending_functional_review	internal_unknown	pending_source					portal_fornecedor_dados_mestres_02_perfil_linha_estoque.tsv	pending
NN	4	3	0	4	0.0000	pending_functional_review	internal_unknown	pending_source					portal_fornecedor_dados_mestres_02_perfil_linha_estoque.tsv	pending
F8	4	2	0	4	0.0000	pending_functional_review	internal_unknown	pending_source					portal_fornecedor_dados_mestres_02_perfil_linha_estoque.tsv	pending
DD	4	4	0	4	0.0000	pending_functional_review	internal_unknown	pending_source					portal_fornecedor_dados_mestres_02_perfil_linha_estoque.tsv	pending
RE	3	3	0	3	0.0000	pending_functional_review	internal_unknown	pending_source					portal_fornecedor_dados_mestres_02_perfil_linha_estoque.tsv	pending
E4	3	2	0	3	0.0000	pending_functional_review	internal_unknown	pending_source					portal_fornecedor_dados_mestres_02_perfil_linha_estoque.tsv	pending
B2	3	2	0	3	0.0000	pending_functional_review	internal_unknown	pending_source					portal_fornecedor_dados_mestres_02_perfil_linha_estoque.tsv	pending
C6	3	1	0	3	0.0000	pending_functional_review	internal_unknown	pending_source					portal_fornecedor_dados_mestres_02_perfil_linha_estoque.tsv	pending
E1	3	1	0	3	0.0000	pending_functional_review	internal_unknown	pending_source					portal_fornecedor_dados_mestres_02_perfil_linha_estoque.tsv	pending
LP	2	2	0	2	0.0000	pending_functional_review	internal_unknown	pending_source					portal_fornecedor_dados_mestres_02_perfil_linha_estoque.tsv	pending
C2	2	1	0	2	0.0000	pending_functional_review	internal_unknown	pending_source					portal_fornecedor_dados_mestres_02_perfil_linha_estoque.tsv	pending
PE	2	2	0	2	0.0000	pending_functional_review	internal_unknown	pending_source					portal_fornecedor_dados_mestres_02_perfil_linha_estoque.tsv	pending
M7	2	1	0	2	0.0000	pending_functional_review	internal_unknown	pending_source					portal_fornecedor_dados_mestres_02_perfil_linha_estoque.tsv	pending
A4	2	2	0	2	0.0000	pending_functional_review	internal_unknown	pending_source					portal_fornecedor_dados_mestres_02_perfil_linha_estoque.tsv	pending
FM	2	1	0	2	0.0000	pending_functional_review	internal_unknown	pending_source					portal_fornecedor_dados_mestres_02_perfil_linha_estoque.tsv	pending
R6	2	1	0	2	0.0000	pending_functional_review	internal_unknown	pending_source					portal_fornecedor_dados_mestres_02_perfil_linha_estoque.tsv	pending
FS	2	2	0	2	0.0000	pending_functional_review	internal_unknown	pending_source					portal_fornecedor_dados_mestres_02_perfil_linha_estoque.tsv	pending
S2	2	2	0	2	0.0000	pending_functional_review	internal_unknown	pending_source					portal_fornecedor_dados_mestres_02_perfil_linha_estoque.tsv	pending
IC	2	2	0	2	0.0000	pending_functional_review	internal_unknown	pending_source					portal_fornecedor_dados_mestres_02_perfil_linha_estoque.tsv	pending
J1	2	2	0	2	0.0000	pending_functional_review	internal_unknown	pending_source					portal_fornecedor_dados_mestres_02_perfil_linha_estoque.tsv	pending
F7	2	1	0	2	0.0000	pending_functional_review	internal_unknown	pending_source					portal_fornecedor_dados_mestres_02_perfil_linha_estoque.tsv	pending
LB	2	2	0	2	0.0000	pending_functional_review	internal_unknown	pending_source					portal_fornecedor_dados_mestres_02_perfil_linha_estoque.tsv	pending
A2	1	1	0	1	0.0000	pending_functional_review	internal_unknown	pending_source					portal_fornecedor_dados_mestres_02_perfil_linha_estoque.tsv	pending
A5	1	1	0	1	0.0000	pending_functional_review	internal_unknown	pending_source					portal_fornecedor_dados_mestres_02_perfil_linha_estoque.tsv	pending
CS	1	1	0	1	0.0000	pending_functional_review	internal_unknown	pending_source					portal_fornecedor_dados_mestres_02_perfil_linha_estoque.tsv	pending
GG	1	1	0	1	0.0000	pending_functional_review	internal_unknown	pending_source					portal_fornecedor_dados_mestres_02_perfil_linha_estoque.tsv	pending
J6	1	1	0	1	0.0000	pending_functional_review	internal_unknown	pending_source					portal_fornecedor_dados_mestres_02_perfil_linha_estoque.tsv	pending
PP	1	1	0	1	0.0000	pending_functional_review	internal_unknown	pending_source					portal_fornecedor_dados_mestres_02_perfil_linha_estoque.tsv	pending
E8	1	1	0	1	0.0000	pending_functional_review	internal_unknown	pending_source					portal_fornecedor_dados_mestres_02_perfil_linha_estoque.tsv	pending
N9	1	1	0	1	0.0000	pending_functional_review	internal_unknown	pending_source					portal_fornecedor_dados_mestres_02_perfil_linha_estoque.tsv	pending
PC	1	1	0	1	0.0000	pending_functional_review	internal_unknown	pending_source					portal_fornecedor_dados_mestres_02_perfil_linha_estoque.tsv	pending
P5	1	1	0	1	0.0000	pending_functional_review	internal_unknown	pending_source					portal_fornecedor_dados_mestres_02_perfil_linha_estoque.tsv	pending
FE	1	1	0	1	0.0000	pending_functional_review	internal_unknown	pending_source					portal_fornecedor_dados_mestres_02_perfil_linha_estoque.tsv	pending
